"","Year","Avg_Rent"
"1",2011,1436.16666666667
"2",2012,1691.83333333333
"3",2013,1799.41666666667
"4",2014,1861
"5",2015,2049.08333333333
"6",2016,2255.875
